{
  "1": {
    "x": 88.8671875,
    "y": 31.15046902268761
  },
  "2": {
    "x": 89.6484375,
    "y": 41.010852966841185
  },
  "3": {
    "x": 89.453125,
    "y": 50.60945680628273
  },
  "4": {
    "x": 89.2578125,
    "y": 60.382580715532285
  },
  "5": {
    "x": 89.2578125,
    "y": 70.67926483420594
  },
  "6": {
    "x": 29.296875,
    "y": 28.134544066317623
  },
  "7": {
    "x": 29.4921875,
    "y": 39.47834860383944
  },
  "8": {
    "x": 29.1015625,
    "y": 51.17119328097731
  },
  "9": {
    "x": 29.4921875,
    "y": 63.03855802792321
  },
  "10": {
    "x": 44.140625,
    "y": 50.99667321116929
  },
  "11": {
    "x": 44.3359375,
    "y": 63.03855802792321
  },
  "12": {
    "x": 59.765625,
    "y": 62.86403795811518
  },
  "13": {
    "x": 73.4375,
    "y": 62.3404777486911
  },
  "vip1": {
    "x": 64.6484375,
    "y": 31.22409467713787
  },
  "vip2": {
    "x": 42.7734375,
    "y": 31.922174956369982
  }
}