{
  "1": {
    "x": 88.8671875,
    "y": 31.15046902268761
  },
  "2": {
    "x": 89.6484375,
    "y": 41.010852966841185
  },
  "3": {
    "x": 89.453125,
    "y": 50.60945680628273
  },
  "4": {
    "x": 89.2578125,
    "y": 60.382580715532285
  },
  "5": {
    "x": 89.2578125,
    "y": 70.67926483420594
  },
  "6": {
    "x": 74.0234375,
    "y": 62.56408158813264
  },
  "7": {
    "x": 60.15625,
    "y": 63.087641797556714
  },
  "8": {
    "x": 44.140625,
    "y": 50.87123691099477
  },
  "9": {
    "x": 29.4921875,
    "y": 28.009107766143103
  },
  "10": {
    "x": 29.1015625,
    "y": 39.52743237347295
  },
  "11": {
    "x": 29.4921875,
    "y": 51.39479712041884
  },
  "12": {
    "x": 29.296875,
    "y": 62.56408158813264
  },
  "13": {
    "x": 44.53125,
    "y": 63.335787521815014
  },
  "vip1": {
    "x": 64.6484375,
    "y": 31.22409467713787
  },
  "vip2": {
    "x": 42.7734375,
    "y": 31.922174956369982
  }
}